Stage,nDCG@10,Improvement,Queries_Success_Rate,Avg_Latency_ms
BM25 Only,0.002502018030111138,0.0,99.75,26
BM25 + Semantic,0.0031255972570394456,24.923050890269113,100.0,7
BM25 + Semantic + CE,0.003410490785844435,36.30960068233175,100.0,25
