{
  "model": "BM25_Fixed",
  "total_documents": 20000,
  "total_queries": 800,
  "total_results": 393892,
  "queries_with_results": 798,
  "vocabulary_size": 83,
  "index_size_mb": 5.340576171875e-05,
  "index_build_time_sec": 0.33460235595703125,
  "metrics": {
    "nDCG@20": 0.004606501644199026,
    "AP": 0.002614718831434312,
    "RR": 0.01103245035333769,
    "nDCG@10": 0.002502018030111138,
    "R@100": 0.041578928453024765,
    "P@10": 0.001811125485122898
  },
  "timing": {
    "mean_ms": 26.44374519586563,
    "p50_ms": 25.62737464904785,
    "p95_ms": 46.17456197738645,
    "min_ms": 6.576776504516602,
    "max_ms": 103.60550880432129
  }
}