{
  "model": "BM25_Baseline",
  "dataset": {
    "total_documents": 20000,
    "total_queries": 800,
    "total_qrels": 32062
  },
  "performance": {
    "total_results": 393892,
    "queries_with_results": 798,
    "success_rate": 0.9975
  },
  "metrics": {
    "nDCG@20": 0.004606501644199026,
    "P@10": 0.001811125485122898,
    "AP": 0.002614718831434312,
    "R@100": 0.041578928453024765,
    "RR": 0.01103245035333769,
    "nDCG@10": 0.002502018030111138
  },
  "timing": {
    "mean_ms": 26.00632071495056,
    "median_ms": 21.80802822113037,
    "p50_ms": 21.80802822113037,
    "p95_ms": 50.967872142791734,
    "p99_ms": 75.8186912536621,
    "min_ms": 6.806373596191406,
    "max_ms": 120.98431587219238,
    "std_ms": 12.461821954087714
  },
  "system": {
    "vocabulary_size": 83,
    "index_size_mb": 5.340576171875e-05,
    "index_build_time_sec": 0.3525564670562744
  },
  "config": {
    "top_k": 500
  }
}